,Product Name,Prices,Description,Reviews
0,Infinix Y1 Plus Neo Intel Celeron Quad Core 11th Gen - (8 GB/256 GB SSD/Windows 11 Home) XL30 Thin and...,"₹23,990",Intel Celeron Dual Core Processor4 GB LPDDR4 RAM64 bit Chrome Operating System35.56 cm (14 Inch) Touchscreen Display1 Year Onsite Warranty,4.2
1,ASUS (2022) Celeron Dual Core - (4 GB/128 GB SSD/Windows 11 Home) BR1100CKA-GJ0722W Laptop,"₹22,490",Intel Celeron Dual Core Processor4 GB DDR4 RAM64 bit Windows 11 Operating System128 GB SSD29.46 cm (11.6 Inch) Display1 Year Onsite Warranty,4.1
2,HP intel Celeron Dual Core - (4 GB/64 GB EMMC Storage/Chrome OS) 14a- na1004TU Chromebook,"₹20,990",Intel Celeron Dual Core Processor4 GB LPDDR4 RAMChrome Operating System35.56 cm (14 Inch) Touchscreen Display1 Year Onsite Warranty,3.9
3,Lenovo IdeaPad 3 Intel Core i3 11th Gen - (8 GB/256 GB SSD/Windows 11 Home) 14ITL05 Thin and Light Lap...,"₹33,990",Intel Core i3 Processor (11th Gen)8 GB DDR4 RAM64 bit Windows 11 Operating System256 GB SSD35.56 cm (14 inch) DisplayOffice Home and Student 20212 Year Onsite�Warranty,4.2
4,Infinix INBook X1 Neo Series Celeron Quad Core - (4 GB/128 GB SSD/Windows 11 Home) XL22 Thin and Light...,"₹21,990",Intel Celeron Quad Core Processor4 GB LPDDR4X RAM64 bit Windows 11 Operating System128 GB SSD35.56 cm (14 inch) Display1 Year Onsite Warranty,4.1
5,Lenovo IdeaPad 3 CB Celeron Dual Core - (4 GB/64 GB EMMC Storage/Chrome OS) 14IGL05 Thin and Light Lap...,"₹20,490",Intel Celeron Dual Core Processor4 GB DDR4 RAMChrome Operating System35.56 cm (14 Inch) Display1 Year Carry-in Warranty,3.6
6,ASUS Celeron Dual Core 10th Gen - (4 GB/256 GB SSD/Windows 11 Home) E410KA-BV002W Business Laptop,"₹23,990",Intel Celeron Dual Core Processor (10th Gen)4 GB DDR4 RAMWindows 11 Operating System256 GB SSD35.56 cm (14 inch) Display1 Year Onsite Warranty,4.2
7,Lenovo IdeaPad Slim 3 Intel Core i3 11th Gen - (8 GB/256 GB SSD/Windows 11 Home) 15ITL05 Thin and Ligh...,"₹33,831",Intel Core i3 Processor (11th Gen)8 GB DDR4 RAM64 bit Windows 11 Operating System256 GB SSD39.62 cm (15.6 Inch) Display2 Years Onsite�Warranty,3.5
8,acer Chromebook Celeron Dual Core - (4 GB/16 GB EMMC Storage/Chrome OS) C733 Chromebook,"₹22,490",Intel Celeron Dual Core Processor4 GB DDR4 RAMChrome Operating System29.46 cm (11.6 inch) Display1 Year International Travelers Warranty (ITW),3.6
9,Lenovo Lenovo V15 Celeron Dual Core 4th Gen - (8 GB/256 GB SSD/Windows 11 Home) 82QYA00MIN Laptop,"₹23,499",Intel Celeron Dual Core Processor (4th Gen)8 GB DDR4 RAM64 bit Windows 11 Operating System256 GB SSD39.62 cm (15.6 inch) Display1 Years,4.4
10,Lenovo Athlon Dual Core - (4 GB/256 GB SSD/DOS) E41-55 45-2 Laptop,"₹23,880",AMD Athlon Dual Core Processor4 GB DDR4 RAMDOS Operating System256 GB SSD35.56 cm (14 inch) Displayon site,4.6
11,MSI Bravo 15 Ryzen 5 Hexa Core AMD R5-5600H - (8 GB/512 GB SSD/Windows 11 Home/4 GB Graphics/AMD Radeo...,"₹54,990",AMD Ryzen 5 Hexa Core Processor8 GB DDR4 RAM64 bit Windows 11 Operating System512 GB SSD39.62 cm (15.6 inch) Display1 Year Warranty,4.2
12,ASUS Celeron Dual Core 10th Gen - (4 GB/256 GB SSD/Windows 11 Home) E410KA-BV003W Laptop,"₹24,500",Intel Celeron Dual Core Processor (10th Gen)4 GB DDR4 RAMWindows 11 Operating System256 GB SSD35.56 cm (14 inch) Display1 Year Warranty,4.2
13,ASUS Celeron Dual Core 10th Gen - (4 GB/256 GB SSD/Windows 11 Home) E410KA-BV001W Laptop,"₹24,500",Intel Celeron Dual Core Processor (10th Gen)4 GB DDR4 RAMWindows 11 Operating System256 GB SSD35.56 cm (14 inch) Display1 Year Manufacturer Warranty,4.3
14,Lenovo Celeron Dual Core 4th Gen - (8 GB/256 GB SSD/DOS) 82QYA00HIN Laptop,"₹22,999",Intel Celeron Dual Core Processor (4th Gen)8 GB DDR4 RAM64 bit DOS Operating System256 GB SSD39.62 cm (15.6 inch) Display1 Years,4.5
15,MSI Ryzen 5 Hexa Core 7530U - (16 GB/512 GB SSD/Windows 11 Home) Modern 14 C7M-062IN Thin and Light La...,"₹48,990",AMD Ryzen 5 Hexa Core Processor16 GB DDR4 RAMWindows 11 Operating System512 GB SSD35.56 cm (14 Inch) Display1 Year Carry-in Warranty,4.3
16,ASUS Vivobook 15 Core i3 11th Gen - (8 GB/512 GB SSD/Windows 11 Home) X515EA-EJ322WS | X515EA-EJ328WS ...,"₹35,990",Intel Core i3 Processor (11th Gen)8 GB DDR4 RAM64 bit Windows 11 Operating System512 GB SSD39.62 cm (15.6 Inch) Display1 Year Onsite Warranty,4.1
17,HP Laptop Core i3 11th Gen - (8 GB/512 GB SSD/Windows 11 Home) 15s-fq2717TU Thin and Light Laptop,"₹33,490",Intel Core i3 Processor (11th Gen)8 GB DDR4 RAMWindows 11 Operating System256 GB SSD39.62 cm (15.6 Inch) Display2 Years Onsite Warranty,4.4
18,Lenovo IdeaPad Slim 3 Intel Core i3 11th Gen - (8 GB/256 GB SSD/Windows 11 Home) 15ITL05 Thin and Ligh...,"₹41,990",Intel Core i5 Processor (11th Gen)16 GB LPDDR4X RAM64 bit Windows 11 Operating System512 GB SSD39.62 cm (15.6 Inch) Display1 Year Onsite Warranty,4.1
19,acer Extensa Ryzen 5 Quad Core 7520U - (8 GB/512 GB SSD/Windows 11 Home) EX215-23 Notebook,"₹42,990",AMD Ryzen 5 Quad Core Processor8 GB LPDDR5 RAM64 bit Windows 11 Operating System512 GB SSD39.62 cm (15.6 Inch) Display1 Year International Travelers Warranty,4.4
20,Infinix INBook X2 Plus Core i5 11th Gen - (16 GB/512 GB SSD/Windows 11 Home) XL25 Thin and Light Lapto...,"₹45,990",Intel Core i5 Processor (11th Gen)8 GB DDR4 RAM64 bit Windows 11 Operating System512 GB SSD39.62 cm (15.6 Inch) Display1 Year Onsite Warranty,4.5
21,ASUS Vivobook 15 Core i5 11th Gen - (8 GB/512 GB SSD/Windows 11 Home) X515EA-EJ522WS Thin and Light La...,"₹41,990","Intel Core i5 Processor (11th Gen)8 GB DDR4 RAMWindows 11 Operating System512 GB SSD39.62 cm (15.6 inch) DisplayMS Office Home & Student 2019, Mi Smart Share, DTS Audio processing1 Year Onsite Warranty",4.2
22,RedmiBook Pro Core i5 11th Gen - (8 GB/512 GB SSD/Windows 11 Home) Thin and Light Laptop,"₹54,990",AMD Ryzen 5 Hexa Core Processor8 GB DDR4 RAM64 bit Windows 11 Operating System1 TB SSD39.62 cm (15.6 inch) Display1 Year Onsite Warranty,4.2
23,Lenovo IdeaPad 3 Intel Core i5 12th Gen - (16 GB/512 GB SSD/Windows 11 Home) 15IAU7 Thin and Light Lap...,"₹60,990",Intel Core i5 Processor (12th Gen)16 GB DDR4 RAM64 bit Windows 11 Operating System512 GB SSD39.62 cm (15.6 Inch) Display2 Years Onsite�Warranty,4.5
24,HP Chromebook x360 Intel Celeron Dual Core - (4 GB/64 GB EMMC Storage/Chrome OS) 14a-ca0506TU Thin and...,"₹53,490",Intel Core i5 Processor (11th Gen)8 GB DDR4 RAM64 bit Windows 11 Operating System512 GB SSD39.62 cm (15.6 Inch) Display1 Year Onsite Warranty,4.3
25,ASUS (2022) Celeron Dual Core - (4 GB/128 GB SSD/Windows 11 Home) BR1100CKA-GJ0722W Laptop,"₹54,990",Intel Core i5 Processor (10th Gen)8 GB DDR4 RAM64 bit Windows 11 Operating System512 GB SSD39.62 cm (15.6 inch) Display1 Year Onsite Warranty,4.7
26,HP intel Celeron Dual Core - (4 GB/64 GB EMMC Storage/Chrome OS) 14a- na1004TU Chromebook,"₹56,990",Intel Core i7 Processor (11th Gen)16 GB DDR4 RAMWindows 11 Operating System512 GB SSD39.62 cm (15.6 inch) Display1 Year Onsite Warranty,4.2
27,Lenovo IdeaPad 3 Intel Core i3 11th Gen - (8 GB/256 GB SSD/Windows 11 Home) 14ITL05 Thin and Light Lap...,"₹33,990",Intel Core i3 Processor (11th Gen)8 GB DDR4 RAM64 bit Windows 11 Operating System256 GB SSD35.56 cm (14 inch) DisplayOffice Home and Student 20212 Year Onsite�Warranty,5.0
28,Infinix INBook X1 Neo Series Celeron Quad Core - (4 GB/128 GB SSD/Windows 11 Home) XL22 Thin and Light...,"₹50,990",AMD Ryzen 5 Hexa Core Processor16 GB DDR4 RAM64 bit Windows 11 Operating System512 GB SSD39.62 cm (15.6 Inch) Display1 Year Onsite Warranty,4.7
29,Lenovo IdeaPad 3 CB Celeron Dual Core - (4 GB/64 GB EMMC Storage/Chrome OS) 14IGL05 Thin and Light Lap...,"₹38,990",AMD Ryzen 3 Quad Core Processor8 GB DDR4 RAM64 bit Windows 11 Operating System512 GB SSD35.56 cm (14 Inch) Display1 Year onsite warranty,4.5
30,ASUS Celeron Dual Core 10th Gen - (4 GB/256 GB SSD/Windows 11 Home) E410KA-BV002W Business Laptop,"₹72,990",AMD Ryzen 7 Octa Core Processor8 GB DDR4 RAM64 bit Windows 11 Operating System512 GB SSD40.89 cm (16.1 inch) DisplayMicrosoft Home & Student 20211 Year Onsite Warranty,4.4
31,Lenovo IdeaPad Slim 3 Intel Core i3 11th Gen - (8 GB/256 GB SSD/Windows 11 Home) 15ITL05 Thin and Ligh...,"₹33,831",Intel Core i3 Processor (11th Gen)8 GB DDR4 RAM64 bit Windows 11 Operating System256 GB SSD39.62 cm (15.6 Inch) Display2 Years Onsite�Warranty,4.3
32,acer Chromebook Celeron Dual Core - (4 GB/16 GB EMMC Storage/Chrome OS) C733 Chromebook,"₹44,860","Intel Core i3 Processor (12th Gen)8 GB DDR4 RAM64 bit Windows 11 Operating System512 GB SSD39.62 cm (15.6 inch) DisplayWindows 11, Microsoft Office H&S 2021, 1 Year McAfee1 Year Onsite Warranty",4.2
33,Lenovo Lenovo V15 Celeron Dual Core 4th Gen - (8 GB/256 GB SSD/Windows 11 Home) 82QYA00MIN Laptop,"₹84,490","Apple M1 Processor8 GB DDR4 RAMMac OS Operating System256 GB SSD33.78 cm (13.3 inch) DisplayBuilt-in Apps: iMovie, Siri, GarageBand, Pages, Numbers, Photos, Keynote, Safari, Mail, FaceTime, Messages, Maps, Stocks, Home, Voice Memos, Notes, Calendar, Contacts, Reminders, Photo Booth, Preview, Books, App Store, Time Machine, TV, Music, Podcasts, Find My, QuickTime Player1 Year Limited Warra­nty",4.2
34,Lenovo Athlon Dual Core - (4 GB/256 GB SSD/DOS) E41-55 45-2 Laptop,"₹50,990",AMD Ryzen 5 Hexa Core Processor16 GB DDR4 RAM64 bit Windows 11 Operating System512 GB SSD39.62 cm (15.6 Inch) Display1 Year onsite warranty,4.6
35,MSI Bravo 15 Ryzen 5 Hexa Core AMD R5-5600H - (8 GB/512 GB SSD/Windows 11 Home/4 GB Graphics/AMD Radeo...,"₹54,990",AMD Ryzen 5 Hexa Core Processor8 GB DDR4 RAM64 bit Windows 11 Operating System512 GB SSD39.62 cm (15.6 inch) Display1 Year Warranty,4.3
36,ASUS Celeron Dual Core 10th Gen - (4 GB/256 GB SSD/Windows 11 Home) E410KA-BV003W Laptop,"₹30,490",Intel Core i3 Processor (10th Gen)8 GB LPDDR4X RAM64 bit Windows 11 Operating System512 GB SSD39.62 cm (15.6 inch) Display1 Year Onsite Warranty,4.3
37,ASUS Celeron Dual Core 10th Gen - (4 GB/256 GB SSD/Windows 11 Home) E410KA-BV001W Laptop,"₹44,490",Intel Core i3 Processor (12th Gen)8 GB DDR4 RAM64 bit Windows 11 Operating System512 GB SSD39.62 cm (15.6 Inch) DisplayMicrosoft Office Home & Student 20211 Year Onsite Warranty,4.5
38,Lenovo Celeron Dual Core 4th Gen - (8 GB/256 GB SSD/DOS) 82QYA00HIN Laptop,"₹34,990",Intel Core i3 Processor (11th Gen)8 GB DDR4 RAM64 bit Windows 11 Operating System512 GB SSD39.62 cm (15.6 Inch) Display1 Year International Travelers Warranty (ITW),4.5
39,MSI Ryzen 5 Hexa Core 7530U - (16 GB/512 GB SSD/Windows 11 Home) Modern 14 C7M-062IN Thin and Light La...,"₹48,990",AMD Ryzen 5 Hexa Core Processor16 GB DDR4 RAMWindows 11 Operating System512 GB SSD35.56 cm (14 Inch) Display1 Year Carry-in Warranty,4.4
40,ASUS Vivobook 15 Core i3 11th Gen - (8 GB/512 GB SSD/Windows 11 Home) X515EA-EJ322WS | X515EA-EJ328WS ...,"₹33,990",AMD Ryzen 3 Hexa Core Processor8 GB DDR4 RAMWindows 11 Operating System512 GB SSD39.62 cm (15.6 Inch) Display1 Year Onsite Warranty,4.3
41,Lenovo IdeaPad Slim 3 Intel Core i3 11th Gen - (8 GB/256 GB SSD/Windows 11 Home) 15ITL05 Thin and Ligh...,"₹53,267",Intel Core i5 Processor (11th Gen)8 GB DDR4 RAM64 bit Windows 11 Operating System512 GB SSD100.63 cm (39.62 cm) Display1 Year Onsite Warranty + 1 Year Premium Care + 1 Year Accidentaly Damage Protection,4.3
42,Infinix INBook X2 Plus Core i5 11th Gen - (16 GB/512 GB SSD/Windows 11 Home) XL25 Thin and Light Lapto...,"₹47,990","Get unparalleled power and reliability with the new Intel 12th Gen CPU15.6 Inch Full HD OLED 16:9 aspect ratio, 0.2ms response time, 600nits HDR peak brightness, 100% DCI-P3 color gamut, VESA CERTIFIED Display HDR True Black 600, 1.07 billion colors, PANTONE Validated, Glossy display, 70% less harmful blue light, TUV Rheinland-certifiedStylish & Portable Just 1.99 cm thin and 1.7 kg in weight. US MIL-STD 810H Military-grade durabilityLight Laptop without Optical Disk DriveBacklit chiclet keyboard, Finger Print Sensor for Faster System Access720p HD webcam with physical privacy shutter180 ErgoLift hinge for comfortable and collaborative use casesIntel Core i3 Processor (12th Gen)8 GB DDR4 RAM64 bit Windows 11 Operating System512 GB SSD39.62 cm (15.6 Inch) Display1 Year Onsite Warranty",4.1
43,acer Extensa Ryzen 5 Quad Core 7520U - (8 GB/512 GB SSD/Windows 11 Home) EX215-23 Notebook,"₹42,990",AMD Ryzen 5 Quad Core Processor8 GB LPDDR5 RAM64 bit Windows 11 Operating System512 GB SSD39.62 cm (15.6 Inch) Display1 Year International Travelers Warranty,3.7
44,ASUS Vivobook 15 Core i5 11th Gen - (8 GB/512 GB SSD/Windows 11 Home) X515EA-EJ522WS Thin and Light La...,"₹66,999","Intel Core i5 Processor (12th Gen)16 GB DDR4 RAM64 bit Windows 11 Operating System512 GB SSD35.56 cm (14 inch) DisplayMicrosoft Office Home & Student 2021, HP Documentation, HP BIOS recovery, HP Smart1 Year Onsite Warranty",4.5
45,RedmiBook Pro Core i5 11th Gen - (8 GB/512 GB SSD/Windows 11 Home) Thin and Light Laptop,"₹45,990","AMD Ryzen 5 Hexa Core Processor8 GB DDR4 RAM64 bit Windows 11 Operating System512 GB SSD39.62 cm (15.6 inch) DisplayMicrosoft Office Home 2019 & Office 365, HP Documentation, HP SSRM, HP Smart1 Year Onsite Warranty",4.2
46,ASUS TUF Gaming A15 Ryzen 5 Hexa Core AMD R5-4600H - (8 GB/1 TB SSD/Windows 11 Home/4 GB Graphics/NVID...,"₹43,990","Processor: Intel i3-1215U (Base- 0.9 GHz & Turbo up to 4.40 GHz) 6 CoresRAM & Storage: 8GB DDR4 & 512GB SSDGraphics & Keyboard: Integrated & Standard KeyboardDisplay: 15.6"" FHD WVA AG 120Hz 250 nits Narrow BorderIntel Core i3 Processor (12th Gen)8 GB DDR4 RAM64 bit Windows 11 Operating System512 GB SSD39.62 cm (15.6 Inch) Display1 Year Onsite Hardware Service",4.2
47,Lenovo IdeaPad 3 Intel Core i5 12th Gen - (16 GB/512 GB SSD/Windows 11 Home) 15IAU7 Thin and Light Lap...,"₹60,990",Intel Core i5 Processor (12th Gen)16 GB DDR4 RAM64 bit Windows 11 Operating System512 GB SSD39.62 cm (15.6 Inch) Display2 Years Onsite�Warranty,4.3
48,HP Intel Core i5 11th Gen - (8 GB/512 GB SSD/Windows 11 Home) 15s- fr4000TU Thin and Light Laptop,"₹1,39,990",Intel Core i7 Processor (13th Gen)16 GB DDR5 RAMWindows 11 Operating System1 TB SSD43.94 cm (17.3 Inch) Display2 Year Carry-in Warranty,4.4
49,ASUS TUF Gaming F15 Core i5 10th Gen - (8 GB/512 GB SSD/Windows 11 Home/4 GB Graphics/NVIDIA GeForce G...,"₹87,990",AMD Ryzen 7 Octa Core Processor8 GB DDR4 RAM64 bit Windows 11 Operating System512 GB SSD39.62 cm (15.6 Inch) Display1 Year Onsite Warranty,4.4
50,ASUS Vivobook 15 Core i7 11th Gen - (16 GB/512 GB SSD/Windows 11 Home) X515EA-EJ701WS Thin and Light L...,"₹53,490",Intel Core i5 Processor (11th Gen)8 GB DDR4 RAM64 bit Windows 11 Operating System512 GB SSD39.62 cm (15.6 inch) DisplayMicrosoft Office Home & Student 20211 Year Onsite Hardware Service,4.2
51,Lenovo IdeaPad 3 Intel Core i3 11th Gen - (8 GB/256 GB SSD/Windows 11 Home) 14ITL05 Thin and Light Lap...,"₹33,990",Intel Core i3 Processor (11th Gen)8 GB DDR4 RAM64 bit Windows 11 Operating System256 GB SSD35.56 cm (14 inch) DisplayOffice Home and Student 20212 Year Onsite�Warranty,4.2
52,ASUS Vivobook K15 OLED Ryzen 5 Hexa Core AMD R5-5500U - (16 GB/512 GB SSD/Windows 11 Home) KM513UA-L51...,"₹52,999",AMD Ryzen 5 Hexa Core Processor8 GB DDR4 RAM64 bit Windows 11 Operating System512 GB SSD35.56 cm (14 Inch) Display1 Year Onsite Warranty,4.8
53,HP Ryzen 3 Quad Core 5300U - (8 GB/512 GB SSD/Windows 11 Home) 14s-fq1089au Thin and Light Laptop,"₹46,990","Stylish & Portable Thin and Light Laptop14 inch 2K QHD, IPS LCD Display ( 400nits peak brightness, 100% sRGB, 3:2 aspect ratio, Full Vision Display)Finger Print Sensor for Faster System AccessLight Laptop without Optical Disk DriveIntel Core i3 Processor (11th Gen)8 GB DDR4 RAM64 bit Windows 10 Operating System256 GB SSD35.56 cm (14 inch) DisplayNA1 Year Domestic Warranty",4.4
54,HP Victus Ryzen 7 Octa Core 5800H - (8 GB/512 GB SSD/Windows 11 Home/4 GB Graphics/NVIDIA GeForce RTX ...,"₹57,990",AMD Ryzen 7 Octa Core Processor16 GB DDR4 RAM64 bit Windows 11 Operating System512 GB SSD39.62 cm (15.6 Inch) Display1 Year onsite warranty,4.1
55,Lenovo IdeaPad Slim 3 Intel Core i3 11th Gen - (8 GB/256 GB SSD/Windows 11 Home) 15ITL05 Thin and Ligh...,"₹33,831",Intel Core i3 Processor (11th Gen)8 GB DDR4 RAM64 bit Windows 11 Operating System256 GB SSD39.62 cm (15.6 Inch) Display2 Years Onsite�Warranty,5.0
56,ASUS Vivobook 15 Core i3 12th Gen - (8 GB/512 GB SSD/Windows 11 Home) X1502ZA-EJ382WS Laptop,"₹74,990",Intel Core i5 Processor (11th Gen)8 GB LPDDR4X RAM64 bit Windows 11 Operating System512 GB SSD35.56 cm (14 inch) Touchscreen DisplayOffice Home and Student 20211 Year Onsite Warranty,4.6
57,APPLE 2020 Macbook Air M1 - (8 GB/256 GB SSD/Mac OS Big Sur) MGN63HN/A,"₹44,500",Intel Core i3 Processor (11th Gen)8 GB DDR4 RAM64 bit Windows 11 Operating System1 TB HDD|256 GB SSD39.62 cm (15.6 inch) Display1 Year Onsite Warranty,4.4
58,ASUS VivoBook K15 OLED Ryzen 5 Hexa Core AMD R5-5500U - (16 GB/512 GB SSD/Windows 11 Home) KM513UA-L51...,"₹64,490",AMD Ryzen 7 Octa Core Processor16 GB DDR4 RAM64 bit Windows 11 Operating System512 GB SSD40.64 cm (16 Inch) Display1 Year Onsite Warranty,4.4
59,MSI Bravo 15 Ryzen 5 Hexa Core AMD R5-5600H - (8 GB/512 GB SSD/Windows 11 Home/4 GB Graphics/AMD Radeo...,"₹54,990",AMD Ryzen 5 Hexa Core Processor8 GB DDR4 RAM64 bit Windows 11 Operating System512 GB SSD39.62 cm (15.6 inch) Display1 Year Warranty,4.5
60,Infinix INBook Y1 Plus Intel Core i3 10th Gen - (8 GB/512 GB SSD/Windows 11 Home) XL28 Thin and Light ...,"₹58,990","Processor: Intel i5-1235U (Base- 3.30 GHz & Turbo up to 4.40 GHz) 10 CoresRAM & Storage: 8GB DDR4 & 1TB + 256GB SSDGraphics & Keyboard: Integrated & Standard KeyboardDisplay: 15.6"" FHD WVA AG 120Hz 250 nits Narrow BorderIntel Core i5 Processor (12th Gen)8 GB DDR4 RAMWindows 11 Operating System1 TB HDD|256 GB SSD39.62 cm (15.6 Inch) Display1 Year Onsite Warranty",4.5
61,HP 15s Intel Core i3 12th Gen - (8 GB/512 GB SSD/Windows 11 Home) 15s-fq5007TU Thin and Light Laptop,"₹1,74,990",AMD Ryzen 9 Octa Core Processor16 GB DDR5 RAMWindows 11 Operating System1 TB SSD39.62 cm (15.6 inch) DisplayMicrosoft Office Home & Student1 Year Onsite Warranty,3.9
62,acer Extensa Core i3 11th Gen - (8 GB/512 GB SSD/Windows 11 Home) EX 215-54/ EX 215-54-356V Thin and L...,"₹2,99,990",Intel Core i9 Processor (12th Gen)32 GB DDR5 RAM64 bit Windows 11 Operating System2 TB SSD43.94 cm (17.3 Inch) Display2 Year On-Site & Carry-In Warranty,4.1
63,MSI Ryzen 5 Hexa Core 7530U - (16 GB/512 GB SSD/Windows 11 Home) Modern 14 C7M-062IN Thin and Light La...,"₹48,990",AMD Ryzen 5 Hexa Core Processor16 GB DDR4 RAMWindows 11 Operating System512 GB SSD35.56 cm (14 Inch) Display1 Year Carry-in Warranty,4.8
64,Lenovo Ryzen 3 Hexa Core 5300U - (8 GB/512 GB SSD/Windows 11 Home) TB15 G3 ACL Thin and Light Laptop,"₹85,990",AMD Ryzen 7 Octa Core Processor16 GB DDR4 RAMWindows 11 Operating System1 TB SSD39.62 cm (15.6 inch) DisplayMicrosoft Office Home & Student1 Year Onsite Warranty,4.4
65,Lenovo IdeaPad Gaming 3 Intel Core i5 11th Gen - (8 GB/512 GB SSD/Windows 11 Home/4 GB Graphics/NVIDIA...,"₹4,29,990",AMD Ryzen 9 16 Core Processor32 GB DDR5 RAMWindows 11 Operating System2 TB SSD40.64 cm (16 Inch) Display1 Year Onsite Warranty,4.2
66,ASUS Vivobook 15 OLED (2022) Core i3 12th Gen - (8 GB/512 GB SSD/Windows 11 Home) X1505ZA-L1311WS Thin...,"₹49,990",AMD Ryzen 5 Hexa Core Processor8 GB DDR4 RAM64 bit Windows 11 Operating System1 TB HDD|256 GB SSD39.62 cm (15.6 inch) DisplayOffice Home and Student 20211 Year Onsite Warranty,4.2
67,acer Extensa Ryzen 5 Quad Core 7520U - (8 GB/512 GB SSD/Windows 11 Home) EX215-23 Notebook,"₹42,990",AMD Ryzen 5 Quad Core Processor8 GB LPDDR5 RAM64 bit Windows 11 Operating System512 GB SSD39.62 cm (15.6 Inch) Display1 Year International Travelers Warranty,3.9
68,HP Pavilion Intel Core i5 12th Gen - (16 GB/512 GB SSD/Windows 11 Home) 14-dv2014TU Thin and Light Lap...,"₹89,990",AMD Ryzen 7 Octa Core Processor16 GB DDR4 RAM64 bit Windows 11 Operating System512 GB SSD39.62 cm (15.6 Inch) Display1 Year Onsite Warranty,4.2
69,HP Ryzen 5 Hexa Core 5500U - (8 GB/512 GB SSD/Windows 11 Home) 15s- eq2144au Thin and Light Laptop,"₹62,990",Intel Core i5 Processor (11th Gen)16 GB DDR4 RAMWindows 11 Operating System512 GB SSD40.89 cm (16.1 Inch) Display1 Year Onsite Warranty,4.2
70,DELL Core i3 12th Gen - (8 GB/512 GB SSD/Windows 11 Home) New Inspiron 15 Laptop Thin and Light Laptop,"₹3,49,900",Apple M2 Max Processor32 GB Unified Memory RAMMac OS Operating System1 TB SSD40.64 cm (16 Inch) Display1 Year Limited Warranty,4.5
71,Lenovo IdeaPad 3 Intel Core i5 12th Gen - (16 GB/512 GB SSD/Windows 11 Home) 15IAU7 Thin and Light Lap...,"₹60,990",Intel Core i5 Processor (12th Gen)16 GB DDR4 RAM64 bit Windows 11 Operating System512 GB SSD39.62 cm (15.6 Inch) Display2 Years Onsite�Warranty,4.4
72,MSI Core i7 13th Gen - (16 GB/1 TB SSD/Windows 11 Home/8 GB Graphics/NVIDIA GeForce RTX 4060) Katana 1...,"₹39,855",AMD Ryzen 3 Quad Core Processor8 GB LPDDR5 RAMWindows 11 Operating System512 GB SSD35.56 cm (14 Inch) Display1 Year Onsite Warranty,4.2
73,ASUS ROG Strix G15 Ryzen 7 Octa Core AMD R7-4800H - (8 GB/512 GB SSD/Windows 11 Home/4 GB Graphics/NVI...,"₹49,990",AMD Ryzen 5 Hexa Core Processor8 GB DDR4 RAM64 bit Windows 11 Operating System1 TB HDD|256 GB SSD39.62 cm (15.6 inch) DisplayOffice Home and Student 20211 Year Onsite Warranty,4.4
74,DELL Inspiron Core i5 11th Gen - (8 GB/512 GB SSD/Windows 11 Home) Inspiron 3511 Thin and Light Laptop,"₹3,49,900",Apple M2 Max Processor32 GB Unified Memory RAMMac OS Operating System1 TB SSD40.64 cm (16 Inch) Display1 Year Limited Warranty,4.2
75,Lenovo IdeaPad 3 Intel Core i3 11th Gen - (8 GB/256 GB SSD/Windows 11 Home) 14ITL05 Thin and Light Lap...,"₹33,990",Intel Core i3 Processor (11th Gen)8 GB DDR4 RAM64 bit Windows 11 Operating System256 GB SSD35.56 cm (14 inch) DisplayOffice Home and Student 20212 Year Onsite�Warranty,4.6
76,HP Pavilion Ryzen 5 Hexa Core 5625U - (8 GB/512 GB SSD/Windows 11 Home) 14-EC1003AU Thin and Light Lap...,"₹44,500",Intel Core i3 Processor (11th Gen)8 GB DDR4 RAM64 bit Windows 11 Operating System1 TB HDD|256 GB SSD39.62 cm (15.6 inch) Display1 Year Onsite Warranty,4.4
77,realme Book (Slim) Core i3 11th Gen - (8 GB/256 GB SSD/Windows 10 Home) RMNB1001 Thin and Light Laptop,"₹62,990",Intel Core i5 Processor (11th Gen)16 GB DDR4 RAMWindows 11 Operating System512 GB SSD40.89 cm (16.1 Inch) Display1 Year Onsite Warranty,4.2
78,ASUS VivoBook K15 OLED Ryzen 7 Octa Core AMD R7-5700U - (16 GB/512 GB SSD/Windows 11 Home) KM513UA-L71...,"₹38,490",Intel Core i3 Processor (11th Gen)8 GB DDR4 RAM64 bit Windows 11 Operating System256 GB SSD35.56 cm (14 inch) Display1 Year Onsite Warranty,4.5
79,Lenovo IdeaPad Slim 3 Intel Core i3 11th Gen - (8 GB/256 GB SSD/Windows 11 Home) 15ITL05 Thin and Ligh...,"₹33,831",Intel Core i3 Processor (11th Gen)8 GB DDR4 RAM64 bit Windows 11 Operating System256 GB SSD39.62 cm (15.6 Inch) Display2 Years Onsite�Warranty,4.1
80,ASUS ZenBook Duo 14 (2021) Touch Panel Core i5 11th Gen - (8 GB/512 GB SSD/Windows 11 Home) UX482EAR-K...,"₹3,59,990",Intel Core i9 Processor (13th Gen)32 GB DDR5 RAMWindows 11 Operating System2 TB SSD43.18 cm (17 Inch) Display2 Year Carry-in Warranty,4.1
81,HP 15s Intel Core i3 11th Gen - (8 GB/1 TB HDD/256 GB SSD/Windows 11 Home) 15s-du3614TU Thin and Light...,"₹1,09,990",Intel Core i9 Processor (13th Gen)16 GB LPDDR5 RAMWindows 11 Operating System1 TB SSD39.62 cm (15.6 Inch) Display1 Year Onsite Warranty,4.5
82,ASUS VivoBook 16X Ryzen 7 Octa Core 5800H - (16 GB/512 GB SSD/Windows 11 Home) M1603QA-MB711WS Thin an...,"₹65,990","Get unparalleled power and reliability with the new Intel 12th Gen CPU15.6 Inch Full HD OLED 16:9 aspect ratio, 0.2ms response time, 600nits HDR peak brightness, 100% DCI-P3 color gamut, VESA CERTIFIED Display HDR True Black 600, 1.07 billion colors, PANTONE Validated, Glossy display, 70% less harmful blue light, TUV Rheinland-certifiedStylish & Portable Just 1.99 cm thin and 1.7 kg in weight. US MIL-STD 810H Military-grade durabilityLight Laptop without Optical Disk DriveBacklit chiclet keyboard, Finger Print Sensor for Faster System Access720p HD webcam with physical privacy shutter180 ErgoLift hinge for comfortable and collaborative use casesIntel Core i5 Processor (12th Gen)16 GB DDR4 RAM64 bit Windows 11 Operating System512 GB SSD39.62 cm (15.6 Inch) Display1 Year Onsite Warranty",4.0
83,MSI Bravo 15 Ryzen 5 Hexa Core AMD R5-5600H - (8 GB/512 GB SSD/Windows 11 Home/4 GB Graphics/AMD Radeo...,"₹54,990",AMD Ryzen 5 Hexa Core Processor8 GB DDR4 RAM64 bit Windows 11 Operating System512 GB SSD39.62 cm (15.6 inch) Display1 Year Warranty,4.3
84,DELL Core i5 12th Gen - (8 GB/1 TB HDD/256 GB SSD/Windows 11 Home) New Inspiron 15 Laptop Thin and Lig...,"₹56,990",Intel Core i5 Processor (12th Gen)8 GB DDR4 RAM64 bit Windows 11 Operating System512 GB SSD39.62 cm (15.6 Inch) Display2 Year Onsite Warranty,4.2
85,ASUS ROG Strix G15 (2022) with 90Whr Battery Ryzen 9 Octa Core 6900HX - (16 GB/1 TB SSD/Windows 11 Hom...,"₹1,01,990",Intel Core i7 Processor (12th Gen)16 GB DDR5 RAM64 bit Windows 11 Operating System1 TB SSD39.62 cm (15.6 inch) Display1 Year Onsite Warranty,4.3
86,MSI Core i9 12th Gen - (32 GB/2 TB SSD/Windows 11 Home/16 GB Graphics/NVIDIA GeForce RTX 3080 Ti/120 H...,"₹29,990",Intel Core i3 Processor (10th Gen)8 GB LPDDR4X RAM64 bit Windows 11 Operating System256 GB SSD39.62 cm (15.6 inch) Display1 Year Onsite Warranty,4.2
87,MSI Ryzen 5 Hexa Core 7530U - (16 GB/512 GB SSD/Windows 11 Home) Modern 14 C7M-062IN Thin and Light La...,"₹48,990",AMD Ryzen 5 Hexa Core Processor16 GB DDR4 RAMWindows 11 Operating System512 GB SSD35.56 cm (14 Inch) Display1 Year Carry-in Warranty,4.0
88,ASUS ROG Strix G15 Ryzen 7 Octa Core AMD R7-4800H - (16 GB/1 TB SSD/Windows 11 Home/4 GB Graphics/NVID...,"₹55,990",AMD Ryzen 5 Hexa Core Processor8 GB DDR4 RAM64 bit Windows 11 Operating System512 GB SSD39.62 cm (15.6 inch) Display1 Year Onsite�Warranty�+ 1 Year Premium Care + 1 Year Accidental Damage Protection,4.4
89,ASUS ROG Zephyrus Duo 16 Ryzen 9 16 Core 7945HX - (32 GB/2 TB SSD/Windows 11 Home/16 GB Graphics/NVIDI...,"₹3,39,990",Intel Core i9 Processor (13th Gen)32 GB DDR5 RAMWindows 11 Operating System1 TB SSD40.64 cm (16 Inch) Display1 Year Onsite Warranty,4.2
90,ASUS VivoBook K15 OLED (2022) Ryzen 5 Hexa Core AMD R5-5500U - (8 GB/1 TB HDD/256 GB SSD/Windows 11 Ho...,"₹43,990",Intel Core i3 Processor (12th Gen)8 GB DDR4 RAM64 bit Windows 11 Operating System512 GB SSD35.56 cm (14 Inch) Touchscreen Display1 Year Onsite Warranty,4.5
91,acer Extensa Ryzen 5 Quad Core 7520U - (8 GB/512 GB SSD/Windows 11 Home) EX215-23 Notebook,"₹42,990",AMD Ryzen 5 Quad Core Processor8 GB LPDDR5 RAM64 bit Windows 11 Operating System512 GB SSD39.62 cm (15.6 Inch) Display1 Year International Travelers Warranty,4.6
92,ASUS TUF Gaming A15 with 90Whr Battery Ryzen 7 Octa Core 5800H - (16 GB/512 GB SSD/Windows 11 Home/6 G...,"₹60,990",Intel Core i5 Processor (12th Gen)16 GB DDR4 RAM64 bit Windows 11 Operating System512 GB SSD39.62 cm (15.6 Inch) Display2 Years Onsite�Warranty,4.3
93,HP Victus Intel Core i5 11th Gen - (16 GB/512 GB SSD/Windows 11 Home/4 GB Graphics/NVIDIA GeForce GTX ...,"₹2,69,990",AMD Ryzen 9 Octa Core Processor16 GB DDR5 RAMWindows 11 Operating System1 TB SSD43.94 cm (17.3 Inch) Display1 Year Onsite Warranty,4.4
94,APPLE 2023 MacBook Pro M2 Max - (32 GB/1 TB SSD/macOS Ventura) MNWE3HN/A,"₹16,990",Intel Celeron Dual Core Processor4 GB DDR4 RAM64 bit Windows 11 Operating System29.46 cm (11.6 Inch) Display1 Year Onsite warranty,5.0
95,Lenovo IdeaPad 3 Intel Core i5 12th Gen - (16 GB/512 GB SSD/Windows 11 Home) 15IAU7 Thin and Light Lap...,"₹67,490",AMD Ryzen 5 Hexa Core Processor16 GB DDR4 RAM64 bit Windows 11 Operating System512 GB SSD40.64 cm (16 inch) DisplayOffice Home and Student 20211 Year Onsite Hardware Service,4.1
96,ASUS Vivobook Go 14 (2023) Ryzen 3 Quad Core 7320U - (8 GB/512 GB SSD/Windows 11 Home) E1404FA-NK322WS...,"₹2,69,990",AMD Ryzen 9 Octa Core Processor16 GB DDR5 RAMWindows 11 Operating System1 TB SSD43.94 cm (17.3 Inch) Display1 Year Onsite Warranty,3.8
97,ASUS VivoBook K15 OLED (2022) Ryzen 5 Hexa Core AMD R5-5500U - (8 GB/1 TB HDD/256 GB SSD/Windows 11 Ho...,"₹40,016",Intel Core i3 Processor (11th Gen)8 GB DDR4 RAM64 bit Windows 11 Operating System512 GB SSD35.56 cm (14 Inch) Display2 Years Onsite Warranty,4.7
98,APPLE 2023 MacBook Pro M2 Max - (32 GB/1 TB SSD/macOS Ventura) MNWE3HN/A,"₹39,990",Intel Core i3 Processor (11th Gen)8 GB DDR4 RAMWindows 11 Operating System512 GB SSD39.62 cm (15.6 Inch) Display1 Year Onsite Warranty,3.9
99,Lenovo IdeaPad 3 Intel Core i3 11th Gen - (8 GB/256 GB SSD/Windows 11 Home) 14ITL05 Thin and Light Lap...,"₹33,990",Intel Core i3 Processor (11th Gen)8 GB DDR4 RAM64 bit Windows 11 Operating System256 GB SSD35.56 cm (14 inch) DisplayOffice Home and Student 20212 Year Onsite�Warranty,4.2
100,HP 15s Intel Core i3 11th Gen - (8 GB/1 TB HDD/256 GB SSD/Windows 11 Home) 15s-du3614TU Thin and Light...,"₹3,59,990",Intel Core i9 Processor (13th Gen)32 GB DDR5 RAMWindows 11 Operating System2 TB SSD43.18 cm (17 Inch) Display2 Year Carry-in Warranty,4.4
101,HP Victus Intel Core i5 11th Gen - (16 GB/512 GB SSD/Windows 11 Home/4 GB Graphics/NVIDIA GeForce GTX ...,"₹46,990","AMD Ryzen 5 Hexa Core Processor8 GB DDR4 RAM64 bit Windows 11 Operating System512 GB SSD35.56 cm (14 inch) DisplayMicrosoft Office Home & Student 2019, HP Documentation, HP SSRM, HP Smart ""1 Year Onsite Warranty",4.4
102,HP 14s Intel Core i3 11th Gen - (8 GB/256 GB SSD/Windows 11 Home) 14s - dy2507TU Thin and Light Laptop,"₹35,980","Intel Core i3 Processor (11th Gen)8 GB DDR4 RAM64 bit Windows 11 Operating System512 GB SSD39.62 cm (15.6 inch) DisplayWindows 11, Microsoft Office H&S 2021, 1 Year McAfee1 Year Onsite Warranty",4.2
103,Lenovo IdeaPad Slim 3 Intel Core i3 11th Gen - (8 GB/256 GB SSD/Windows 11 Home) 15ITL05 Thin and Ligh...,"₹33,831",Intel Core i3 Processor (11th Gen)8 GB DDR4 RAM64 bit Windows 11 Operating System256 GB SSD39.62 cm (15.6 Inch) Display2 Years Onsite�Warranty,4.4
104,MSI Core i9 13th Gen - (32 GB/2 TB SSD/Windows 11 Home/12 GB Graphics/NVIDIA GeForce RTX 4080) Raider ...,"₹82,990","Intel Core i5 Processor (12th Gen)16 GB DDR4 RAM64 bit Windows 11 Operating System512 GB SSD39.62 cm (15.6 inch) DisplayAcer Care Center, Acer Product Registration, NitroSense1 Year International Travelers Warranty (ITW)",4.0
105,ASUS Vivobook S 15 OLED (2023) Intel EVO H-Series Core i9 13th Gen - (16 GB/1 TB SSD/Windows 11 Home) ...,"₹39,720",AMD Ryzen 3 Quad Core Processor8 GB LPDDR5 RAMWindows 11 Operating System512 GB SSD35.56 cm (14 Inch) Display1 Year Onsite Warranty,4.1
106,ASUS Vivobook 15 OLED (2022) Core i5 12th Gen - (16 GB/512 GB SSD/Windows 11 Home) X1505ZA-L1511WS Thi...,"₹84,990",AMD Ryzen 7 Octa Core Processor16 GB DDR4 RAMWindows 11 Operating System512 GB SSD39.62 cm (15.6 Inch) DisplayMicrosoft Office Home & Student 20211 Year Carry-in Warranty,4.4
107,MSI Bravo 15 Ryzen 5 Hexa Core AMD R5-5600H - (8 GB/512 GB SSD/Windows 11 Home/4 GB Graphics/AMD Radeo...,"₹54,990",AMD Ryzen 5 Hexa Core Processor8 GB DDR4 RAM64 bit Windows 11 Operating System512 GB SSD39.62 cm (15.6 inch) Display1 Year Warranty,4.2
108,Lenovo IdeaPad 3 Intel Core i5 12th Gen - (8 GB/512 GB SSD/Windows 11 Home) 15IAU7 Thin and Light Lapt...,"₹43,990",Intel Core i3 Processor (12th Gen)8 GB DDR4 RAM64 bit Windows 11 Operating System512 GB SSD35.56 cm (14 Inch) Touchscreen Display1 Year Onsite Warranty,4.3
109,ASUS TUF Dash F15 Core i7 12th Gen - (16 GB/1 TB SSD/Windows 11 Home/4 GB Graphics/NVIDIA GeForce RTX ...,"₹39,990",AMD Ryzen 3 Quad Core Processor8 GB LPDDR5 RAMWindows 11 Operating System512 GB SSD39.62 cm (15.6 Inch) Display1 Year Onsite Warranty,4.6
110,Infinix INBook Y1 Plus Intel Core i3 10th Gen - (8 GB/256 GB SSD/Windows 11 Home) XL28 Thin and Light ...,"₹74,990","AMD Ryzen 7 Octa Core Processor8 GB DDR4 RAM64 bit Windows 11 Operating System512 GB SSD39.62 cm (15.6 inch) DisplayWindows 11 Home, MSI Center, CoolerBoost1 Year On-Site & Carry-In Warranty",4.7
111,MSI Ryzen 5 Hexa Core 7530U - (16 GB/512 GB SSD/Windows 11 Home) Modern 14 C7M-062IN Thin and Light La...,"₹48,990",AMD Ryzen 5 Hexa Core Processor16 GB DDR4 RAMWindows 11 Operating System512 GB SSD35.56 cm (14 Inch) Display1 Year Carry-in Warranty,4.3
112,Lenovo Ideapad Gaming 3 Ryzen 5 Hexa Core AMD R5-5600H - (8 GB/512 GB SSD/Windows 11 Home/4 GB Graphic...,"₹67,461","AMD Ryzen 5 Hexa Core Processor16 GB DDR4 RAM64 bit Windows 11 Operating System512 GB SSD39.62 cm (15.6 inch) DisplayWindows 11, Microsoft Office H&S 2021, 1 Year McAfee1 Year Onsite Warranty",4.5
113,ASUS ROG Strix SCAR 16 (2023) Core i9 13th Gen - (32 GB/1 TB SSD/Windows 11 Home/16 GB Graphics/NVIDIA...,"₹34,990",AMD Ryzen 3 Dual Core Processor8 GB DDR4 RAMWindows 11 Operating System512 GB SSD39.62 cm (15.6 inch) DisplayMicrosoft Office Home & Student 20211 Year Onsite Warranty,4.3
114,ASUS Vivobook 14 Touchscreen Intel P-Series Core i3 12th Gen - (8 GB/512 GB SSD/Windows 11 Home) X1402...,"₹1,01,990",Intel Core i7 Processor (12th Gen)16 GB DDR5 RAM64 bit Windows 11 Operating System1 TB SSD39.62 cm (15.6 inch) Display1 Year Onsite Warranty,5.0
115,acer Extensa Ryzen 5 Quad Core 7520U - (8 GB/512 GB SSD/Windows 11 Home) EX215-23 Notebook,"₹42,990",AMD Ryzen 5 Quad Core Processor8 GB LPDDR5 RAM64 bit Windows 11 Operating System512 GB SSD39.62 cm (15.6 Inch) Display1 Year International Travelers Warranty,4.3
116,Lenovo IdeaPad 3 Intel Core i5 12th Gen - (16 GB/512 GB SSD/Windows 11 Home) 15IAU7 Thin and Light Lap...,"₹67,990",AMD Ryzen 5 Hexa Core Processor16 GB LPDDR5 RAMWindows 11 Operating System512 GB SSD33.78 cm (13.3 Inch) Display1 Year Onsite Warranty,4.2
117,ASUS ROG Strix SCAR 17 (2023) Ryzen 9 Octa Core 7945HX - (16 GB/1 TB SSD/Windows 11 Home/12 GB Graphic...,"₹99,990","Processor: AMD R7-6800H (3.20 GHz Up to 4.70 Ghz 8 cores 16MB L3 Cache)RAM & Storage: 16GB, 2x8GB, DDR5, 4800Mhz & 512GB SSDDisplay & Graphics: 15.6"" FHD WVA AG 120Hz 250 nits Narrow Border & NVIDIA GEFORCE RTX 3050 (4GB GDDR6)Software & Keyboard: Win 11 + Office H&S 2021 & Backlit Keyboard OrangePorts: (1) HDMI 2.1, (3) SuperSpeed USB 3.2 Gen 1 Type-A, (1) USB Type C Gen 3.2 Display Port Alt-Mode, Headphone/Mic, (1) RJ45AMD Ryzen 7 Octa Core Processor16 GB DDR5 RAM64 bit Windows 11 Operating System512 GB SSD96.52 cm (38 cm) Display1 Year Onsite Premium Support",4.1
118,ASUS EeeBook 12 Celeron Dual Core - (4 GB/64 GB EMMC Storage/Windows 11 Home) E210MA-GJ012W Thin and L...,"₹1,02,990",Intel Core i7 Processor (12th Gen)16 GB DDR4 RAMWindows 11 Operating System512 GB SSD39.62 cm (15.6 Inch) Display2 Year Carry-in Warranty,4.2
119,DELL Vostro Ryzen 5 Hexa Core 5625U - (16 GB/512 GB SSD/Windows 11 Home) Vostro 5625 Thin and Light La...,"₹60,990",Intel Core i5 Processor (12th Gen)16 GB DDR4 RAM64 bit Windows 11 Operating System512 GB SSD39.62 cm (15.6 Inch) Display2 Years Onsite�Warranty,4.2
120,ASUS ROG Strix SCAR 17 (2023) Ryzen 9 Octa Core 7945HX - (16 GB/1 TB SSD/Windows 11 Home/12 GB Graphic...,"₹31,990",AMD Ryzen 3 Dual Core Processor8 GB DDR4 RAM64 bit Windows 11 Operating System256 GB SSD39.62 cm (15.6 inch) Display1 Year Onsite Warranty,4.4
121,Lenovo IdeaPad Slim 3 Intel Core i3 11th Gen - (8 GB/512 GB SSD/Windows 11 Home) 14ITL6 Thin and Light...,"₹84,490","Apple M1 Processor8 GB DDR4 RAMMac OS Operating System256 GB SSD33.78 cm (13.3 inch) DisplayBuilt-in Apps: iMovie, Siri, GarageBand, Pages, Numbers, Photos, Keynote, Safari, Mail, FaceTime, Messages, Maps, Stocks, Home, Voice Memos, Notes, Calendar, Contacts, Reminders, Photo Booth, Preview, Books, App Store, Time Machine, TV, Music, Podcasts, Find My, QuickTime Player1 Year Limited Warra­nty",3.9
122,HP Laptop Core i3 11th Gen - (8 GB/512 GB SSD/Windows 11 Home) 15s-fq2717TU Thin and Light Laptop,"₹35,710","Intel Core i3 Processor (11th Gen)8 GB DDR4 RAM64 bit Windows 11 Operating System512 GB SSD39.62 cm (15.6 inch) DisplayWindows 11, Microsoft Office H&S 2021, 1 Year McAfee1 Year Onsite Warranty",4.2
123,Lenovo IdeaPad 3 Intel Core i3 11th Gen - (8 GB/256 GB SSD/Windows 11 Home) 14ITL05 Thin and Light Lap...,"₹33,990",Intel Core i3 Processor (11th Gen)8 GB DDR4 RAM64 bit Windows 11 Operating System256 GB SSD35.56 cm (14 inch) DisplayOffice Home and Student 20212 Year Onsite�Warranty,4.7
124,MSI Core i9 13th Gen - (32 GB/2 TB SSD/Windows 11 Home/12 GB Graphics/NVIDIA GeForce RTX 4080) Raider ...,"₹58,990",Intel Core i5 Processor (10th Gen)8 GB DDR4 RAMWindows 11 Operating System512 GB SSD39.62 cm (15.6 inch) Display1 Year Onsite Warranty,4.1
125,HP Ryzen 5 Hexa Core 5500U - (8 GB/512 GB SSD/Windows 11 Home) 14s-fq1092au Thin and Light Laptop,"₹2,69,900",Apple M2 Pro Processor16 GB Unified Memory RAMMac OS Operating System1 TB SSD40.64 cm (16 Inch) Display1 Year Limited Warranty,4.4
126,ASUS Vivobook 15 Core i3 11th Gen - (8 GB/512 GB SSD/Windows 11 Home) X1500EA-EJ3381WS Laptop,"₹65,114",Intel Core i5 Processor (10th Gen)8 GB DDR4 RAM64 bit Windows 11 Operating System512 GB SSD39.62 cm (15.6 inch) Display1 Year Onsite�Warranty�+ 1 Year Legion Ultimate Support + 1 Year Accidental Damage Protection,4.6
127,Lenovo IdeaPad Slim 3 Intel Core i3 11th Gen - (8 GB/256 GB SSD/Windows 11 Home) 15ITL05 Thin and Ligh...,"₹33,831",Intel Core i3 Processor (11th Gen)8 GB DDR4 RAM64 bit Windows 11 Operating System256 GB SSD39.62 cm (15.6 Inch) Display2 Years Onsite�Warranty,5.0
128,acer Nitro 5 Core i5 12th Gen - (16 GB/512 GB SSD/Windows 11 Home/4 GB Graphics/NVIDIA GeForce RTX 305...,"₹42,090",Intel Core i3 Processor (11th Gen)8 GB DDR4 RAM64 bit Windows 11 Operating System256 GB SSD39.62 cm (15.6 inch) DisplayOffice Home and Student 20211 Year Onsite Warranty,4.5
129,ASUS Vivobook Go 14 (2023) Ryzen 3 Quad Core 7320U - (8 GB/512 GB SSD/Windows 11 Home) E1404FA-NK322WS...,"₹62,990",AMD Ryzen 7 Octa Core Processor8 GB DDR4 RAM64 bit Windows 11 Operating System512 GB SSD40.89 cm (16.1 Inch) Display1 Year Onsite Warranty,4.7
130,Lenovo Legion Ryzen 7 Octa Core 5800H - (16 GB/512 GB SSD/Windows 11 Home/4 GB Graphics/NVIDIA GeForce...,"₹60,990",Intel Core i5 Processor (12th Gen)16 GB DDR4 RAM64 bit Windows 11 Operating System512 GB SSD39.62 cm (15.6 Inch) Display2 Years Onsite�Warranty,4.0
131,MSI Bravo 15 Ryzen 5 Hexa Core AMD R5-5600H - (8 GB/512 GB SSD/Windows 11 Home/4 GB Graphics/AMD Radeo...,"₹54,990",AMD Ryzen 5 Hexa Core Processor8 GB DDR4 RAM64 bit Windows 11 Operating System512 GB SSD39.62 cm (15.6 inch) Display1 Year Warranty,4.9
132,ASUS Vivobook 14 Touchscreen Intel P-Series Core i3 12th Gen - (8 GB/512 GB SSD/Windows 11 Home) X1402...,"₹1,04,990",AMD Ryzen 7 Octa Core Processor16 GB DDR4 RAM64 bit Windows 11 Operating System512 GB SSD39.62 cm (15.6 Inch) Display1 Years Carry in Warranty,4.1
133,ASUS Vivobook Go 15 (2023) Ryzen 3 Quad Core 7320U - (8 GB/512 GB SSD/Windows 11 Home) E1504FA-NJ322WS...,"₹62,990",AMD Ryzen 7 Octa Core Processor16 GB DDR RAM64 bit Windows 11 Operating System512 GB SSD39.62 cm (15.6 inch) Display1 Year Warranty Term,4.2
134,MSI Alpha 15 AMD Advantage Edition Ryzen 7 Octa Core 5800H - (8 GB/512 GB SSD/Windows 11 Home/8 GB Gra...,"₹57,990",Intel Core i5 Processor (12th Gen)8 GB DDR4 RAM64 bit Windows 11 Operating System512 GB SSD39.62 cm (15.6 inch) Display1 Year International Travelers Warranty (ITW),4.2
135,MSI Ryzen 5 Hexa Core 7530U - (16 GB/512 GB SSD/Windows 11 Home) Modern 14 C7M-062IN Thin and Light La...,"₹48,990",AMD Ryzen 5 Hexa Core Processor16 GB DDR4 RAMWindows 11 Operating System512 GB SSD35.56 cm (14 Inch) Display1 Year Carry-in Warranty,4.5
136,ASUS Vivobook Pro 15 Ryzen 5 Hexa Core 5600H - (16 GB/512 GB SSD/Windows 11 Home/4 GB Graphics/NVIDIA ...,"₹70,990",Intel Core i5 Processor (12th Gen)8 GB DDR4 RAM64 bit Windows 11 Operating System512 GB SSD35.56 cm (14 inch) DisplayMicrosoft Office Home & Student 20211 Year Onsite Warranty,4.2
137,ASUS Vivobook 15 Ryzen 3 Dual Core AMD R3-3250U - (8 GB/512 GB SSD/Windows 11 Home) M515DA-BQ331WS Thi...,"₹40,490","Intel Core i3 Processor (11th Gen)8 GB DDR4 RAM64 bit Windows 11 Operating System512 GB SSD39.62 cm (15.6 Inch) DisplayMicrosoft Office 2021 Home & Student, HP Documentation, HP BIOS recovery, HP Smart1 Year Onsite Warranty",4.2
138,ASUS TUF Dash F15 Core i7 12th Gen - (16 GB/1 TB SSD/Windows 11 Home/4 GB Graphics/NVIDIA GeForce RTX ...,"₹58,490",Intel Core i3 Processor (12th Gen)8 GB DDR4 RAMWindows 11 Operating System512 GB SSD35.56 cm (14 Inch) Display1 Year Onsite Warranty,4.3
139,acer Extensa Ryzen 5 Quad Core 7520U - (8 GB/512 GB SSD/Windows 11 Home) EX215-23 Notebook,"₹42,990",AMD Ryzen 5 Quad Core Processor8 GB LPDDR5 RAM64 bit Windows 11 Operating System512 GB SSD39.62 cm (15.6 Inch) Display1 Year International Travelers Warranty,4.3
140,HP Pavilion Aero (2023) Ryzen 5 Hexa Core 7535U - (16 GB/512 GB SSD/Windows 11 Home) 13-BE2057AU Thin ...,"₹61,990","Intel Core i5 Processor (12th Gen)16 GB DDR4 RAM64 bit Windows 11 Operating System512 GB SSD39.62 cm (15.6 inch) DisplayAcer Care Center, Acer Product Registration, Nitro Sense, Quick Access1 Year International Travelers Warranty (ITW)",4.2
141,DELL Ryzen 7 Octa Core AMD R7-6800H - (16 GB/512 GB SSD/Windows 11 Home/4 GB Graphics/NVIDIA GeForce R...,"₹61,180","AMD Ryzen 7 Octa Core Processor16 GB DDR4 RAM64 bit Windows 11 Operating System512 GB SSD40.64 cm (16 inch) DisplayWindows 11, Microsoft Office H&S 2021, 1 Year McAfee1 Year Onsite Warranty",4.2
142,MSI Core i7 12th Gen - (16 GB/512 GB SSD/Windows 11 Home/6 GB Graphics/NVIDIA GeForce RTX 4050) Thin G...,"₹49,990","AMD Ryzen 5 Hexa Core Processor16 GB DDR4 RAM64 bit Windows 11 Operating System512 GB SSD39.62 cm (15.6 Inch) DisplayMicrosoft Office 2021 Home & Student, HP Documentation, HP BIOS recovery, HP Smart1 Year Onsite Warranty",4.7
143,Lenovo IdeaPad 3 Intel Core i5 12th Gen - (16 GB/512 GB SSD/Windows 11 Home) 15IAU7 Thin and Light Lap...,"₹50,990",Intel Core i5 Processor (11th Gen)8 GB DDR4 RAM64 bit Windows 11 Operating System512 GB SSD39.62 cm (15.6 inch) Display2 Years Onsite Warranty,4.4
144,HP Ryzen 3 Dual Core 3250U - (8 GB/256 GB SSD/Windows 11 Home) 15s- eq1561AU Thin and Light Laptop,"₹62,490",Intel Core i5 Processor (12th Gen)16 GB DDR4 RAM64 bit Windows 11 Operating System512 GB SSD39.62 cm (15.6 inch) Display1 Year Onsite Warranty,4.4
145,APPLE 2020 Macbook Air M1 - (8 GB/256 GB SSD/Mac OS Big Sur) MGN93HN/A,"₹44,490",AMD Ryzen 5 Hexa Core Processor8 GB DDR4 RAM64 bit Windows 11 Operating System512 GB SSD39.62 cm (15.6 Inch) Display1 Year Onsite Warranty,4.6
146,ASUS Vivobook 15 Core i3 11th Gen - (8 GB/512 GB SSD/Windows 11 Home) X1500EA Laptop,"₹31,990",Intel Core i3 Processor (11th Gen)8 GB LPDDR4X RAM64 bit Windows 11 Operating System256 GB SSD39.62 cm (15.6 Inch) Display1 Year Onsite Warranty,4.2
147,Lenovo IdeaPad 3 Intel Core i3 11th Gen - (8 GB/256 GB SSD/Windows 11 Home) 14ITL05 Thin and Light Lap...,"₹33,990",Intel Core i3 Processor (11th Gen)8 GB DDR4 RAM64 bit Windows 11 Operating System256 GB SSD35.56 cm (14 inch) DisplayOffice Home and Student 20212 Year Onsite�Warranty,3.6
148,ASUS TUF Gaming F15 Core i5 10th Gen - (8 GB/512 GB SSD/Windows 11 Home/4 GB Graphics/NVIDIA GeForce G...,"₹1,81,001",Intel Core i7 Processor (12th Gen)16 GB LPDDR5 RAMWindows 11 Operating System1 TB SSD35.56 cm (14 Inch) Touchscreen Display3 Years Onsite Warranty + 3 Years Premium Care + 1 Year Accidental Damage Protection,4.7
149,APPLE 2023 MacBook Pro M2 Pro - (16 GB/1 TB SSD/macOS Ventura) MNW93HN/A,"₹59,990",AMD Ryzen 7 Octa Core Processor16 GB DDR4 RAM64 bit Windows 11 Operating System512 GB SSD39.62 cm (15.6 Inch) Display1 Year Onsite Warranty,4.5
150,Lenovo Legion 5 Intel Core i5 10th Gen - (8 GB/512 GB SSD/Windows 11 Home/4 GB Graphics/NVIDIA GeForce...,"₹31,900","Intel Pentium Quad Core Processor8 GB DDR4 RAM64 bit Windows 11 Operating System256 GB SSD35.56 cm (14 inch) DisplayMicrosoft Office Home & Student 2019, HP Documentation1 Year Onsite Warranty",4.3
151,Lenovo IdeaPad Slim 3 Intel Core i3 11th Gen - (8 GB/256 GB SSD/Windows 11 Home) 15ITL05 Thin and Ligh...,"₹33,831",Intel Core i3 Processor (11th Gen)8 GB DDR4 RAM64 bit Windows 11 Operating System256 GB SSD39.62 cm (15.6 Inch) Display2 Years Onsite�Warranty,4.1
